<?xml version="1.0" encoding="UTF-8"?>
<root>
  <item name="com.taobao.weex.utils.WXViewUtils int getOpacityFromColor(int)">
    <annotation name="android.support.annotation.IntDef">
      <val name="value" val="{android.graphics.PixelFormat.TRANSLUCENT, android.graphics.PixelFormat.TRANSPARENT, android.graphics.PixelFormat.OPAQUE}" />
    </annotation>
  </item>
  <item name="com.taobao.weex.utils.WXViewUtils.Opacity">
    <annotation name="android.support.annotation.IntDef">
      <val name="value" val="{android.graphics.PixelFormat.TRANSLUCENT, android.graphics.PixelFormat.TRANSPARENT, android.graphics.PixelFormat.OPAQUE}" />
    </annotation>
  </item>
</root>

