<?xml version="1.0" encoding="UTF-8"?>
<root>
  <item name="com.taobao.weex.ui.module.WXTimerModule void postMessage(int, int, int, int) 0">
    <annotation name="android.support.annotation.IntDef">
      <val name="value" val="{com.taobao.weex.common.WXJSBridgeMsgType.MODULE_TIMEOUT, com.taobao.weex.common.WXJSBridgeMsgType.MODULE_INTERVAL}" />
    </annotation>
  </item>
  <item name="com.taobao.weex.ui.module.WXTimerModule void postOrHoldMessage(int, int, int, int) 0">
    <annotation name="android.support.annotation.IntDef">
      <val name="value" val="{com.taobao.weex.common.WXJSBridgeMsgType.MODULE_TIMEOUT, com.taobao.weex.common.WXJSBridgeMsgType.MODULE_INTERVAL}" />
    </annotation>
  </item>
  <item name="com.taobao.weex.ui.module.WXTimerModule void removeOrHoldMessage(int, int) 0">
    <annotation name="android.support.annotation.IntDef">
      <val name="value" val="{com.taobao.weex.common.WXJSBridgeMsgType.MODULE_TIMEOUT, com.taobao.weex.common.WXJSBridgeMsgType.MODULE_INTERVAL}" />
    </annotation>
  </item>
</root>

